date,m_d,size,y_a
8/25/2025,m,la,a
8/25/2025,m,la,a
8/25/2025,m,2x,a
8/25/2025,d,me,a
8/25/2025,d,sm,a
11/10/2025,m,la,a
11/10/2025,m,sm,a
11/10/2025,d,la,a
11/15/2025,d,sm,a
11/24/2025,d,la,a
11/24/2025,d,la,a
11/28/2025,d,la,a
12/4/2025,m,xs,y
12/6/2025,m,me,a
12/6/2025,d,xl,a
12/8/2025,d,xl,a
12/10/2025,d,la,a
12/10/2025,d,la,a
12/20/2025,d,me,a
3/2/2026,d,me,a
3/5/2026,d,la,a
3/7/2026,d,2x,a
3/9/2026,d,me,a
3/21/2026,d,sm,a
3/27/2026,d,me,a
3/30/2026,d,me,a
4/2/2026,d,xl,a
4/9/2026,d,me,a
4/12/2026,m,2x,a
4/20/2026,m,la,a
4/21/2026,m,me,a
4/21/2026,m,me,a
4/21/2026,m,3x,a
4/21/2026,d,la,a
4/21/2026,d,la,a
4/21/2026,d,me,a
4/21/2026,d,la,a
4/21/2026,d,xl,a
4/22/2026,m,3x,a
4/22/2026,d,3x,a
4/22/2026,d,2x,a
4/22/2026,d,3x,a
4/24/2026,m,me,a
4/25/2026,m,me,a
4/25/2026,m,me,a
5/9/2026,m,me,a
5/26/2026,m,me,a
5/27/2026,m,me,a
5/30/2026,d,me,a
5/30/2026,d,4x,a
6/2/2026,m,la,a
6/2/2026,m,la,a
6/2/2026,m,la,a
6/2/2026,m,3x,a
6/2/2026,d,3x,a
6/2/2026,m,me,a
6/2/2026,m,xl,a
6/2/2026,m,xl,a
6/2/2026,m,la,a
6/2/2026,m,xl,a
6/2/2026,m,la,a
6/2/2026,m,me,a
6/2/2026,m,me,a
6/2/2026,d,me,a
6/2/2026,d,la,a
6/2/2026,d,3x,a
6/2/2026,d,me,a
6/2/2026,d,la,a
6/2/2026,d,xl,a
6/2/2026,d,sm,a
6/2/2026,d,la,a
6/2/2026,d,5x,a
6/2/2026,d,la,a
6/2/2026,d,me,a
6/3/2026,m,xl,a
6/3/2026,m,me,a
6/3/2026,m,me,a
6/3/2026,d,me,a
6/3/2026,m,la,a
6/3/2026,m,la,a
6/3/2026,d,la,a
6/3/2026,d,sm,a
6/3/2026,d,me,a
6/3/2026,d,la,a
6/3/2026,d,la,a
6/3/2026,d,la,a
6/3/2026,d,2x,a
6/4/2026,m,la,a
6/4/2026,d,la,a
6/4/2026,d,la,a
6/5/2026,d,sm,a